id,firstName,lastName,email,password,salt,address,phone,isAdmin,googleId,createdAt,updatedAt
1,Danella,Trudgion,dtrudgion0@oracle.com,UDwOGg66W,,648 Lawn Lane,3513905363,true,,6/13/2020,5/25/2020
2,Kiah,MacSwayde,kmacswayde1@google.com,lnCpB4,,07 Twin Pines Pass,8806292747,true,,3/22/2020,7/8/2020
3,Kendricks,Martschke,kmartschke2@elpais.com,J0HZ8CSZudZ,,80915 Bay Court,9087622147,true,,1/8/2020,12/20/2019
4,Madelene,Kroin,mkroin3@apache.org,DOiGRkam,,480 Florence Avenue,1844012402,false,,1/4/2020,5/30/2020
5,Erl,Hiscoe,ehiscoe4@e-recht24.de,HbXkrPSXnV,,2 Chive Trail,5335955598,false,,9/21/2019,5/21/2020
6,Amelie,McLoney,amcloney5@i2i.jp,rfA6y4,,5535 Blaine Hill,3032204693,true,,4/9/2020,12/31/2019
7,Filbert,Khristyukhin,fkhristyukhin6@t-online.de,B2OlGupwsPLY,,06946 Erie Lane,9268076005,true,,3/22/2020,10/7/2019
8,Jens,Carlaw,jcarlaw7@china.com.cn,Ni4A8hK,,9449 Sullivan Parkway,4813249652,false,,8/13/2019,2/11/2020
9,Therese,Kremer,tkremer8@sphinn.com,gG2PIHl,,43 Blaine Terrace,6516977774,true,,10/18/2019,10/30/2019
10,Yankee,Scutchin,yscutchin9@ca.gov,OKK3mKBrOWB,,70 Bunker Hill Hill,1929703493,true,,1/10/2020,6/14/2020
11,Henri,McMorran,hmcmorrana@wufoo.com,DMGkTqL,,375 Dovetail Lane,5824321438,false,,12/19/2019,7/5/2020
12,Egan,MacKnight,emacknightb@timesonline.co.uk,dvFEl6ja7,,357 Raven Plaza,1904689993,false,,9/11/2019,5/12/2020
13,Jorry,Goldsberry,jgoldsberryc@mapquest.com,gQgx1ZyPWX0x,,7 8th Way,8338228293,false,,9/22/2019,2/27/2020
14,Shoshana,Ceeley,sceeleyd@ucoz.com,lOSLOpZUwS9c,,752 Heath Park,8247000819,false,,4/4/2020,1/15/2020
15,Tommi,Overthrow,toverthrowe@ucla.edu,EPwUY5,,20 Saint Paul Pass,6085518101,true,,2/6/2020,3/14/2020
16,Quinn,Calderbank,qcalderbankf@shinystat.com,1XSQ0ge,,35679 Sugar Junction,1595204444,false,,8/30/2019,4/12/2020
17,Benedetta,Keat,bkeatg@tiny.cc,szzCdV,,8104 Hooker Avenue,4135012018,false,,8/17/2019,2/2/2020
18,Yank,Gopsell,ygopsellh@loc.gov,bHnx3F,,220 Sunnyside Circle,7393867589,true,,12/30/2019,11/16/2019
19,May,Bilsford,mbilsfordi@nyu.edu,31jscr3W,,4190 Lerdahl Hill,8817100840,true,,2/2/2020,3/30/2020
20,Yuma,Khadir,ykhadirj@cdbaby.com,NiWZyjXhGD,,0712 Eggendart Terrace,6916026079,false,,4/29/2020,6/8/2020
21,Melisse,McNally,mmcnallyk@pbs.org,aqIx6sLQO,,487 Kipling Lane,1689028092,false,,8/25/2019,4/5/2020
22,Tammi,Durgan,tdurganl@springer.com,nuY2vXPP9Ll9,,4734 Pleasure Road,2178827781,true,,5/31/2020,7/5/2020
23,Cyrille,Dawdary,cdawdarym@google.it,rKfgqkXdA,,62796 Michigan Parkway,3066115662,false,,4/5/2020,1/11/2020
24,Rubin,Amps,rampsn@engadget.com,uewHHn20fO,,70 Bellgrove Pass,2152083432,false,,9/20/2019,6/29/2020
25,Suzy,Melpuss,smelpusso@un.org,5DFbUheoWKU7,,992 5th Plaza,2699636462,false,,4/10/2020,7/15/2020
26,Fredi,Pizzie,fpizziep@4shared.com,GYeZRO,,99 Twin Pines Park,3734407504,true,,1/11/2020,12/26/2019
27,Iosep,Mateja,imatejaq@springer.com,tukHQczj,,5933 Northport Pass,1369177988,true,,1/3/2020,9/1/2019
28,Malory,Turfs,mturfsr@reference.com,lP2Q2nO0,,8688 Cody Place,7562320653,true,,5/22/2020,3/13/2020
29,Boony,Duckitt,bduckitts@blinklist.com,4UFjdodky,,846 Utah Park,4025669453,true,,3/28/2020,10/3/2019
30,Johannes,Grannell,jgrannellt@bizjournals.com,Etnv2sHAMaok,,377 Hazelcrest Point,2066828222,true,,4/1/2020,6/17/2020
31,Bjorn,Barcke,bbarckeu@tamu.edu,n7ZECll,,1228 Arrowood Parkway,2839561255,false,,9/28/2019,8/1/2020
32,Karlik,Agnolo,kagnolov@accuweather.com,QoHZbfNpzwG,,675 Prairie Rose Park,1329402416,false,,5/27/2020,4/7/2020
33,Murvyn,Tribbeck,mtribbeckw@discovery.com,MZgs9s,,49373 Prairie Rose Place,8153076233,false,,5/20/2020,11/8/2019
34,Sashenka,Habbert,shabbertx@berkeley.edu,yjHjFwGv,,17 Golf Road,5734772371,false,,6/12/2020,3/18/2020
35,Jeri,Isacq,jisacqy@imgur.com,b3JBkF1w6r4,,9580 Clemons Lane,2368816570,false,,7/18/2020,9/25/2019
36,Sayer,Sergant,ssergantz@addtoany.com,GxiJRtXfZ,,07740 Veith Trail,4053293732,false,,1/26/2020,12/2/2019
37,Merle,Musicka,mmusicka10@angelfire.com,OjnY7cA,,09656 New Castle Terrace,1495998726,true,,12/20/2019,3/5/2020
38,Crissy,Hukin,chukin11@hatena.ne.jp,8z7kSxsG,,32 Victoria Trail,4052777719,false,,7/22/2020,7/16/2020
39,Malva,McGettrick,mmcgettrick12@elpais.com,wgcZwQw,,6 Monica Hill,4082515956,false,,3/3/2020,1/5/2020
40,Joellen,Starmont,jstarmont13@etsy.com,Dtmx9FkizJq,,35 Amoth Circle,4455153584,false,,11/18/2019,5/4/2020
41,Alicia,Hursthouse,ahursthouse14@si.edu,heWKXuH,,07 Birchwood Street,5492236055,false,,12/7/2019,7/22/2020
42,Jacinta,Leatt,jleatt15@webeden.co.uk,y71jaYs,,3724 Upham Center,7562468323,true,,10/16/2019,1/31/2020
43,Rafaello,McCaig,rmccaig16@goo.ne.jp,PUSDxwvJj6,,71 Del Sol Avenue,9622439532,false,,8/29/2019,11/21/2019
44,Trix,Yurkov,tyurkov17@yandex.ru,7MRfLqtWE,,20 Pine View Parkway,3347669783,false,,5/4/2020,2/21/2020
45,Reta,Wanstall,rwanstall18@cmu.edu,r1Sef8,,48588 Darwin Parkway,9861866650,true,,6/26/2020,4/8/2020
46,Johanna,Frosdick,jfrosdick19@liveinternet.ru,SHnMwy0I1j,,00177 Londonderry Point,2316178843,false,,6/29/2020,5/18/2020
47,Urbain,Benham,ubenham1a@imdb.com,yOOTVOj,,34230 Elgar Park,6643734489,false,,8/24/2019,12/16/2019
48,Karolina,Chaunce,kchaunce1b@patch.com,Esae28,,15641 Donald Center,3049437755,true,,4/23/2020,12/17/2019
49,Addia,Rickasse,arickasse1c@sina.com.cn,4aZvut0eBz,,89 Melby Place,3915839757,false,,9/3/2019,5/16/2020
50,Benedict,Kiehl,bkiehl1d@sakura.ne.jp,N3QqZCfh8,,8 Pankratz Way,4524012596,false,,1/17/2020,8/1/2020
51,Crissie,Nield,cnield1e@google.pl,h2oup2xXg4,,4 North Hill,2161889737,false,,3/11/2020,12/9/2019
52,Hadrian,Aspinall,haspinall1f@ocn.ne.jp,TEMgFluimmA,,836 Oakridge Pass,2756405025,false,,6/24/2020,2/18/2020
53,Viola,Placido,vplacido1g@typepad.com,UFLvfVb,,222 Goodland Plaza,2458030241,false,,6/22/2020,8/8/2019
54,Ralina,Astling,rastling1h@dmoz.org,XixHQK,,0 Comanche Pass,5157907543,false,,5/11/2020,10/30/2019
55,Dena,Allsop,dallsop1i@pbs.org,fDWl7p,,1273 Manitowish Trail,3646623066,false,,9/7/2019,11/29/2019
56,Thain,Devenport,tdevenport1j@upenn.edu,3eONsigl4kMQ,,938 Kensington Trail,4462599236,false,,5/13/2020,8/5/2019
57,Filmer,Cunnell,fcunnell1k@digg.com,etknobk,,86278 Stephen Parkway,9376666963,false,,12/15/2019,3/7/2020
58,Jojo,Slee,jslee1l@t-online.de,AGZilL,,05045 Hansons Road,7552979895,false,,9/24/2019,8/11/2019
59,Barris,Chimenti,bchimenti1m@zimbio.com,JMJr7UMI,,89401 Dexter Circle,5123062714,true,,9/12/2019,11/8/2019
60,Concordia,Arnout,carnout1n@vinaora.com,sIDw55orN0WI,,011 5th Hill,9914860254,false,,5/24/2020,9/10/2019
61,Vilhelmina,Cousen,vcousen1o@paginegialle.it,jj9agWy98jfL,,88460 Pepper Wood Hill,8802623789,true,,5/6/2020,5/10/2020
62,Arlan,Hulance,ahulance1p@adobe.com,yCyTgWdYeH,,4368 Arizona Place,9272898247,true,,5/26/2020,8/14/2019
63,Dori,Oakwell,doakwell1q@bandcamp.com,c3Qb3T,,904 Oriole Park,3306325304,true,,7/31/2020,11/26/2019
64,Shamus,Tinkler,stinkler1r@bluehost.com,6DUjMl2W,,4 Burning Wood Place,1864294474,false,,11/2/2019,2/17/2020
65,Hashim,Reddy,hreddy1s@netlog.com,cylc6HSZj,,2 Sunbrook Drive,4951991532,false,,3/21/2020,4/7/2020
66,Ernestine,Carwithan,ecarwithan1t@jalbum.net,SX3srIb,,3743 Kennedy Way,4017433242,true,,7/29/2020,9/13/2019
67,Jammie,Scrowby,jscrowby1u@scribd.com,CoqW7LuoGbzB,,25 Clove Parkway,2791374203,false,,6/4/2020,9/26/2019
68,Rickie,Chmiel,rchmiel1v@google.fr,D3uBYI9RWK,,718 East Pass,6258456414,true,,10/30/2019,12/15/2019
69,Morgan,Denson,mdenson1w@barnesandnoble.com,w4esYVjAw6p,,4993 Moland Drive,7195524906,true,,7/23/2020,8/7/2019
70,Vinny,Saturley,vsaturley1x@acquirethisname.com,RtOpiHUxIDV,,02400 Boyd Place,2023192279,false,,6/29/2020,6/12/2020
71,Jami,Dillingstone,jdillingstone1y@joomla.org,H4XU1i,,6 Morning Drive,7349640474,false,,7/9/2020,4/7/2020
72,Sidney,Cruikshanks,scruikshanks1z@un.org,s3xSfCy8z,,34971 Ridgeway Circle,5466379126,true,,11/13/2019,12/23/2019
73,Ania,Antonoyev,aantonoyev20@bloomberg.com,jAznYt1,,930 Dexter Trail,3693325775,false,,1/1/2020,1/6/2020
74,Hertha,Jenken,hjenken21@dot.gov,IXlHS41gIz,,0571 Bluestem Park,3412827396,true,,1/24/2020,6/4/2020
75,Winnie,Ibell,wibell22@boston.com,AcOPh8,,0345 Gateway Pass,8101274886,true,,6/17/2020,9/5/2019
76,Quentin,Smout,qsmout23@cnn.com,Lb4oaLr9k3,,6 Anniversary Trail,4736841478,true,,5/27/2020,10/31/2019
77,Tessie,Charon,tcharon24@4shared.com,WfxO9NyrmO4,,781 Elmside Court,3547348042,false,,1/29/2020,2/16/2020
78,Trev,Petken,tpetken25@craigslist.org,vnYKRiON1z,,3 Eliot Circle,6009558963,false,,6/5/2020,12/17/2019
79,Georgianne,Purves,gpurves26@issuu.com,XFSUQcQ,,2622 Truax Place,4205807980,true,,6/1/2020,7/10/2020
80,Lexi,Entwhistle,lentwhistle27@hatena.ne.jp,N8RJvJ,,4 Manitowish Hill,5024777047,false,,8/23/2019,5/28/2020
81,Chery,Callan,ccallan28@mail.ru,Uk0oukH,,5 Carioca Lane,5218047660,true,,9/21/2019,11/17/2019
82,Fredrick,Clew,fclew29@goodreads.com,3RlBGT,,6434 Kropf Court,6486209516,true,,11/18/2019,1/8/2020
83,Meggie,Bowich,mbowich2a@issuu.com,D46J5gu7t,,18870 Macpherson Circle,5857113650,false,,3/21/2020,4/23/2020
84,Babbette,Gidney,bgidney2b@free.fr,1CQTvY5hK,,008 Lyons Parkway,4573359373,false,,9/22/2019,7/28/2020
85,Edithe,Tothacot,etothacot2c@list-manage.com,hY9GOruJrhh,,41223 Algoma Center,8788797025,true,,10/17/2019,10/2/2019
86,Aidan,Murdy,amurdy2d@bandcamp.com,0lDZeKuOI8g4,,3371 Milwaukee Hill,4185956025,false,,12/10/2019,7/2/2020
87,Melesa,Boik,mboik2e@who.int,09oRj3l5vP,,585 Main Hill,1706243061,false,,11/1/2019,10/28/2019
88,Bo,Smalecombe,bsmalecombe2f@4shared.com,pmV2ZeoXmCb,,736 Muir Street,4996554575,true,,7/2/2020,12/27/2019
89,Pieter,Clelle,pclelle2g@nifty.com,pKE2P5GH,,80482 Maple Wood Avenue,6114716504,true,,8/9/2019,7/12/2020
90,Reggi,Jellico,rjellico2h@mit.edu,o0w4Ivdw7I,,28322 Delaware Crossing,3045878956,false,,10/18/2019,1/28/2020
91,Delphine,Rens,drens2i@psu.edu,Gvid32n,,18 Toban Hill,6736931727,false,,1/23/2020,6/20/2020
92,Curtice,Wimmers,cwimmers2j@privacy.gov.au,KXLaxP,,4847 Anthes Avenue,9809048835,false,,4/5/2020,5/27/2020
93,Elana,Barmby,ebarmby2k@nydailynews.com,9cNC8wNu1WW,,65 Lotheville Court,1095432384,false,,12/9/2019,10/17/2019
94,Delcina,Willishire,dwillishire2l@hubpages.com,7W0Eafm7wB,,3772 Clyde Gallagher Plaza,9956667533,false,,9/24/2019,9/28/2019
95,Gordon,Drakes,gdrakes2m@japanpost.jp,Qk03XVTg,,080 5th Terrace,3721105117,false,,10/22/2019,1/23/2020
96,Ursulina,Eby,ueby2n@people.com.cn,aWMGr0VsmBY,,096 Goodland Alley,9059516783,false,,7/18/2020,9/24/2019
97,Thain,Pisculli,tpisculli2o@woothemes.com,gejPTLNIv,,8 Eastwood Avenue,6446000351,false,,6/27/2020,5/20/2020
98,Shay,Shury,sshury2p@utexas.edu,dm7bP78,,13822 Independence Terrace,9428991702,true,,5/31/2020,2/10/2020
99,Nadean,Reedy,nreedy2q@wikia.com,5V99mA,,7 Buhler Court,1986598417,false,,12/22/2019,7/29/2020
100,Chrysa,Denley,cdenley2r@vistaprint.com,8fIHnf,,4492 Eggendart Park,7605032102,true,,3/10/2020,2/9/2020
